ifile,file,download
265,023301210220101210_x4_cropped,bing
323,020310023302030102_x4_cropped,bing
272,103331120131131310_x4_cropped,bing
258,103330233121001302_x4_cropped,bing
580,103330322201212202_x4_cropped,bing
469,103330322200303202_x4_cropped,bing
45,021000330320032210_x4_cropped,bing
410,021000330311000002_x4_cropped,bing
1,103331333021213102_x4_cropped,bing
154,020310220013311002_x4_cropped,bing
587,103331102200333110_x4_cropped,bing
252,021000330322002102_x4_cropped,bing
494,020310121333111210_x4_cropped,bing
119,021000330203012310_x4_cropped,bing
157,103330322123301302_x4_cropped,bing
18,103331102130003302_x4_cropped,bing
207,103331013100010310_x4_cropped,bing
467,103330313111030310_x4_cropped,bing
283,103331112011321310_x4_cropped,bing
33,021000331311033210_x4_cropped,bing
613,103330233121302102_x4_cropped,bing
483,021000330313101202_x4_cropped,bing
280,103332023123123302_x4_cropped,bing
416,103331212323101010_x4_cropped,bing
298,103331120123230202_x4_cropped,bing
232,021000133320131110_x4_cropped,bing
237,103330322201020202_x4_cropped,bing
641,021000322303122310_x4_cropped,bing
152,021000332102211010_x4_cropped,bing
57,103330322201211302_x4_cropped,bing
606,021000322030101102_x4_cropped,bing
108,021000331311031102_x4_cropped,bing
315,103331111300310110_x4_cropped,bing
395,103331102201031002_x4_cropped,bing
441,021000330132021210_x4_cropped,bing
41,103330233120231202_x4_cropped,bing
430,103332021020303110_x4_cropped,bing
89,103330300011312202_x4_cropped,bing
475,021012021321212110_x4_cropped,bing
555,021000322120301102_x4_cropped,bing
248,021000330322103002_x4_cropped,bing
336,021000133312300202_x4_cropped,bing
530,021000133300333310_x4_cropped,bing
164,103331102132331302_x4_cropped,bing
140,103331020022232210_x4_cropped,bing
343,103332113300220110_x4_cropped,bing
628,103330233302020010_x4_cropped,bing
461,103330233121221010_x4_cropped,bing
206,103332023121002002_x4_cropped,bing
39,021001132032030202_x4_cropped,bing
354,103332101103202210_x4_cropped,bing
92,103331110210230002_x4_cropped,bing
379,103330313110120010_x4_cropped,bing
109,021000332102101102_x4_cropped,bing
186,103331102201012302_x4_cropped,bing
251,021001132032210210_x4_cropped,bing
44,021000323320002102_x4_cropped,bing
562,021000330132031202_x4_cropped,bing
35,020303323310200202_x4_cropped,bing
486,021000323233112310_x4_cropped,bing
199,021001000001333302_x4_cropped,bing
130,103330322121133010_x4_cropped,bing
190,103331120123210010_x4_cropped,bing
327,021000331300322010_x4_cropped,bing
105,103330322120223002_x4_cropped,bing
346,103330233302013010_x4_cropped,bing
443,021123221210230102_x4_cropped,bing
497,103330322133321010_x4_cropped,bing
349,103331331103213110_x4_cropped,bing
627,103331202033200110_x4_cropped,bing
299,103330233233200202_x4_cropped,bing
602,020310023302012102_x4_cropped,bing
220,021000323320013310_x4_cropped,bing
95,110113110122203110_x4_cropped,bing
404,021000322030120302_x4_cropped,bing
420,103330233233133110_x4_cropped,bing
188,103331110210331302_x4_cropped,bing
611,021001000001030110_x4_cropped,bing
62,103330322132033310_x4_cropped,bing
181,021000323300213302_x4_cropped,bing
601,021000331301001102_x4_cropped,bing
270,021000333320221302_x4_cropped,bing
496,103331200301113110_x4_cropped,bing
411,021000201222300210_x4_cropped,bing
191,103330313111022310_x4_cropped,bing
550,103331212332223002_x4_cropped,bing
67,021000330313223010_x4_cropped,bing
12,103331331110000202_x4_cropped,bing
381,103331013032120002_x4_cropped,bing
418,103331120131120110_x4_cropped,bing
124,020310023302032310_x4_cropped,bing
166,103331202033001110_x4_cropped,bing
356,103330322200323102_x4_cropped,bing
322,103330233120331302_x4_cropped,bing
436,020310023302223210_x4_cropped,bing
253,020310220013231210_x4_cropped,bing
450,020233202033232202_x4_cropped,bing
644,020310102022303210_x4_cropped,bing
86,021000133320121110_x4_cropped,bing
254,020310102022303110_x4_cropped,bing
573,103330322200213010_x4_cropped,bing
14,103332230201103002_x4_cropped,bing
278,103331102132212310_x4_cropped,bing
495,103331120131213010_x4_cropped,bing
183,021000330323213210_x4_cropped,bing
90,103331102122021110_x4_cropped,bing
357,103330313110301102_x4_cropped,bing
347,103331102200320310_x4_cropped,bing
365,021000201222230302_x4_cropped,bing
559,021000332102112210_x4_cropped,bing
616,103330313110032002_x4_cropped,bing
126,103331212332113302_x4_cropped,bing
310,020310122320323002_x4_cropped,bing
506,103331011322132302_x4_cropped,bing
570,020310101133321002_x4_cropped,bing
362,021000323300223002_x4_cropped,bing
387,103331013033111310_x4_cropped,bing
474,103331102121330110_x4_cropped,bing
73,021000322113303302_x4_cropped,bing
447,021000323320021210_x4_cropped,bing
478,021000330313201010_x4_cropped,bing
415,021000133302201102_x4_cropped,bing
417,103330313110202010_x4_cropped,bing
339,020310220013332102_x4_cropped,bing
19,103330322133312302_x4_cropped,bing
571,020310023332310310_x4_cropped,bing
273,103331121100332310_x4_cropped,bing
431,103331013033301102_x4_cropped,bing
83,103330233120311110_x4_cropped,bing
196,021000330310312002_x4_cropped,bing
482,021000322030121102_x4_cropped,bing
173,021000333320221102_x4_cropped,bing
510,110113202113233202_x4_cropped,bing
8,103330313110220102_x4_cropped,bing
582,103331013032322110_x4_cropped,bing
16,103330322132310202_x4_cropped,bing
120,020310102022203310_x4_cropped,bing
316,103331120132123302_x4_cropped,bing
545,103331102130110202_x4_cropped,bing
289,103330331023211210_x4_cropped,bing
112,021000330132021102_x4_cropped,bing
548,103330322133122302_x4_cropped,bing
544,103330313110031210_x4_cropped,bing
516,021000330203032102_x4_cropped,bing
508,103330313021331102_x4_cropped,bing
342,110113220321112302_x4_cropped,bing
476,020310220013231310_x4_cropped,bing
609,021000330311122102_x4_cropped,bing
128,103330313111023210_x4_cropped,bing
26,103332231303131310_x4_cropped,bing
118,020310303001222002_x4_cropped,bing
71,021000322030101002_x4_cropped,bing
528,103330233032111202_x4_cropped,bing
233,020310031101112310_x4_cropped,bing
435,021000322120021002_x4_cropped,bing
260,021001131123303010_x4_cropped,bing
388,103331120130310002_x4_cropped,bing
59,103330331032030010_x4_cropped,bing
174,021001131123303110_x4_cropped,bing
27,103330322132013202_x4_cropped,bing
102,103330322133222002_x4_cropped,bing
142,103330322133233010_x4_cropped,bing
241,103330331031030302_x4_cropped,bing
198,020303311200202010_x4_cropped,bing
84,021000322030102002_x4_cropped,bing
604,021000322030202102_x4_cropped,bing
64,103330233233213102_x4_cropped,bing
633,021000330311131210_x4_cropped,bing
268,020301110013020002_x4_cropped,bing
6,103331013100011102_x4_cropped,bing
645,021000330323210302_x4_cropped,bing
81,021000133320012310_x4_cropped,bing
344,103330331023102002_x4_cropped,bing
621,103330322131011002_x4_cropped,bing
34,021000133320013202_x4_cropped,bing
218,103331102132200210_x4_cropped,bing
225,021000330321121210_x4_cropped,bing
177,020310220021332302_x4_cropped,bing
329,031332313031031202_x4_cropped,bing
517,021000201222233202_x4_cropped,bing
221,021000330311123010_x4_cropped,bing
566,021000333320300310_x4_cropped,bing
249,021000323300020302_x4_cropped,bing
195,021000322113301002_x4_cropped,bing
85,031332313031023110_x4_cropped,bing
581,103330233121101010_x4_cropped,bing
392,103331200301113310_x4_cropped,bing
97,103331013033133010_x4_cropped,bing
60,103332113300213102_x4_cropped,bing
493,021000332102103310_x4_cropped,bing
489,021001131123302310_x4_cropped,bing
189,103330322121111202_x4_cropped,bing
547,103331131203210210_x4_cropped,bing
374,021000133311001010_x4_cropped,bing
406,021000331300332202_x4_cropped,bing
484,021000133320123310_x4_cropped,bing
224,020310220013233202_x4_cropped,bing
546,103332111120122102_x4_cropped,bing
608,020310221032333302_x4_cropped,bing
603,020310102022210010_x4_cropped,bing
518,103330233120310210_x4_cropped,bing
440,021000330311210010_x4_cropped,bing
512,103330313103321202_x4_cropped,bing
300,021000133320121310_x4_cropped,bing
143,103331102201021002_x4_cropped,bing
453,020310220013310202_x4_cropped,bing
405,020310023333000210_x4_cropped,bing
297,110113122310212302_x4_cropped,bing
617,103330322123033302_x4_cropped,bing
111,021000322113001302_x4_cropped,bing
438,021000322030101202_x4_cropped,bing
284,103331121103301110_x4_cropped,bing
203,020310023333001110_x4_cropped,bing
634,021000131201020210_x4_cropped,bing
427,103331013100222210_x4_cropped,bing
239,103330233121231010_x4_cropped,bing
361,020310023332223202_x4_cropped,bing
586,103331121100130210_x4_cropped,bing
158,103331212331300302_x4_cropped,bing
257,021000330321223302_x4_cropped,bing
321,103331120123323010_x4_cropped,bing
47,020310023332333102_x4_cropped,bing
553,103330322131222002_x4_cropped,bing
402,021000333320300102_x4_cropped,bing
638,103330233120312110_x4_cropped,bing
141,110113103133330102_x4_cropped,bing
552,103330233121313102_x4_cropped,bing
568,020310023332310210_x4_cropped,bing
145,021000331301001210_x4_cropped,bing
648,021000330203030110_x4_cropped,bing
213,021000330323201310_x4_cropped,bing
514,103330313111021002_x4_cropped,bing
635,021000322120022310_x4_cropped,bing
110,021000133320110110_x4_cropped,bing
200,021000330200011202_x4_cropped,bing
593,021000323300100110_x4_cropped,bing
319,103330322200131202_x4_cropped,bing
153,021001000002233210_x4_cropped,bing
341,021000330203032210_x4_cropped,bing
229,103331120131133210_x4_cropped,bing
209,103331020022110310_x4_cropped,bing
558,020303310121220102_x4_cropped,bing
266,021000331303032310_x4_cropped,bing
285,103330313110031202_x4_cropped,bing
168,020310023333123102_x4_cropped,bing
454,020310023302110102_x4_cropped,bing
360,103330322121133210_x4_cropped,bing
597,021000330311032002_x4_cropped,bing
401,021000330322201010_x4_cropped,bing
309,021000331301131202_x4_cropped,bing
294,103330322200200102_x4_cropped,bing
442,020310023333032110_x4_cropped,bing
104,103332113301023210_x4_cropped,bing
519,021000330323201102_x4_cropped,bing
330,021001132032213302_x4_cropped,bing
313,103332023122131302_x4_cropped,bing
523,020310023302023210_x4_cropped,bing
504,103332220032110210_x4_cropped,bing
54,103330313010311010_x4_cropped,bing
333,021001000002002302_x4_cropped,bing
117,021000330313111010_x4_cropped,bing
121,020310023302012310_x4_cropped,bing
340,103330233003121202_x4_cropped,bing
10,103330322200130002_x4_cropped,bing
193,021000331301003302_x4_cropped,bing
338,020310220013233302_x4_cropped,bing
317,103332200123001110_x4_cropped,bing
2,103332101102113002_x4_cropped,bing
498,103330313111021302_x4_cropped,bing
30,021000330132320202_x4_cropped,bing
352,103331102200330302_x4_cropped,bing
468,103331013031322010_x4_cropped,bing
397,103330322200313310_x4_cropped,bing
372,021000330311032202_x4_cropped,bing
396,103330322201103010_x4_cropped,bing
147,021000330322133102_x4_cropped,bing
500,103331110210231202_x4_cropped,bing
115,021000331303012302_x4_cropped,bing
246,103330233121133302_x4_cropped,bing
386,103330322200103302_x4_cropped,bing
503,103332113300213202_x4_cropped,bing
409,021000333320213102_x4_cropped,bing
175,021000331301000010_x4_cropped,bing
290,103331110211020002_x4_cropped,bing
70,021000331301003202_x4_cropped,bing
25,103330313111033310_x4_cropped,bing
520,021000330321300110_x4_cropped,bing
640,021000323320222210_x4_cropped,bing
389,103330322132002002_x4_cropped,bing
296,103331120131202210_x4_cropped,bing
149,020303323310211110_x4_cropped,bing
234,021000330320320010_x4_cropped,bing
448,020310023333000202_x4_cropped,bing
488,020300300320210102_x4_cropped,bing
539,103332132031302302_x4_cropped,bing
456,103331120131000002_x4_cropped,bing
179,021000330322231210_x4_cropped,bing
630,103330313110220002_x4_cropped,bing
160,103330331031031102_x4_cropped,bing
29,103330233120302110_x4_cropped,bing
151,020310023302032202_x4_cropped,bing
131,103331102122100110_x4_cropped,bing
649,020310023333132102_x4_cropped,bing
481,020310220013302210_x4_cropped,bing
305,021000330320312210_x4_cropped,bing
331,021000133320031302_x4_cropped,bing
267,031332313031032302_x4_cropped,bing
594,021001000002121002_x4_cropped,bing
184,103330233120300010_x4_cropped,bing
642,021000330322201302_x4_cropped,bing
182,021000331301012202_x4_cropped,bing
465,110113202101130010_x4_cropped,bing
364,021000333320320202_x4_cropped,bing
335,021000322030120202_x4_cropped,bing
28,020310031101211302_x4_cropped,bing
22,103331331110110302_x4_cropped,bing
307,021000331233320210_x4_cropped,bing
99,103330233302030202_x4_cropped,bing
631,103331211220101002_x4_cropped,bing
255,021000323320010002_x4_cropped,bing
507,103331010213202110_x4_cropped,bing
492,021001000001321310_x4_cropped,bing
432,103330322133231010_x4_cropped,bing
384,103330322133330302_x4_cropped,bing
123,021000133320031002_x4_cropped,bing
187,103332302110333302_x4_cropped,bing
150,020310023300330210_x4_cropped,bing
269,021000322120032202_x4_cropped,bing
163,103331013032122202_x4_cropped,bing
106,021000330133122110_x4_cropped,bing
194,021000331311101210_x4_cropped,bing
583,103331102201022202_x4_cropped,bing
292,103331102200321110_x4_cropped,bing
56,110112331300100102_x4_cropped,bing
394,103331120123023002_x4_cropped,bing
0,103331013100002210_x4_cropped,bing
371,021000332102112010_x4_cropped,bing
445,103330233030001202_x4_cropped,bing
301,021000131201031210_x4_cropped,bing
382,103330331023033110_x4_cropped,bing
65,103331013101101302_x4_cropped,bing
125,021000330203031310_x4_cropped,bing
94,103331102133120102_x4_cropped,bing
393,103330331021322010_x4_cropped,bing
312,021000330321221202_x4_cropped,bing
535,103331120123021002_x4_cropped,bing
205,103331022101120102_x4_cropped,bing
531,021000332111020202_x4_cropped,bing
643,021000331233312202_x4_cropped,bing
63,103332220023230310_x4_cropped,bing
80,020310101133311102_x4_cropped,bing
565,020310221032233002_x4_cropped,bing
180,021001000002302010_x4_cropped,bing
610,021000330321212102_x4_cropped,bing
564,021000322030311302_x4_cropped,bing
569,021001132032232302_x4_cropped,bing
477,021000322113233002_x4_cropped,bing
87,103331212332301202_x4_cropped,bing
204,103331121100210302_x4_cropped,bing
623,103331120123212302_x4_cropped,bing
499,103331010011312110_x4_cropped,bing
38,021000131201022110_x4_cropped,bing
271,103330322131033002_x4_cropped,bing
247,103330322122232102_x4_cropped,bing
13,103331120131101002_x4_cropped,bing
433,103331120131323302_x4_cropped,bing
355,103331212332222102_x4_cropped,bing
345,103331102133131210_x4_cropped,bing
302,021000133320000010_x4_cropped,bing
211,021000133320121010_x4_cropped,bing
61,103330322133112302_x4_cropped,bing
595,020310103323031310_x4_cropped,bing
521,021001131123221310_x4_cropped,bing
127,103331013033101310_x4_cropped,bing
326,021000330313223310_x4_cropped,bing
540,103330322120221302_x4_cropped,bing
74,021000330133203102_x4_cropped,bing
647,020310023332222110_x4_cropped,bing
619,103330322201222002_x4_cropped,bing
592,103330322121020102_x4_cropped,bing
532,021000330320333110_x4_cropped,bing
407,021000322113301110_x4_cropped,bing
424,110113220321333002_x4_cropped,bing
176,021000322113231102_x4_cropped,bing
201,021000330321211002_x4_cropped,bing
214,021000322023301110_x4_cropped,bing
306,021001000001011110_x4_cropped,bing
377,021000330200133110_x4_cropped,bing
363,021001132032203210_x4_cropped,bing
380,103330313110211302_x4_cropped,bing
148,020310220013233102_x4_cropped,bing
607,021000322030222210_x4_cropped,bing
9,021000331303030202_x4_cropped,bing
591,103330322131230102_x4_cropped,bing
77,021000322030213302_x4_cropped,bing
256,103330322200330302_x4_cropped,bing
208,103332200123001210_x4_cropped,bing
485,020310032323122210_x4_cropped,bing
262,020310023302110202_x4_cropped,bing
408,103330233121013002_x4_cropped,bing
413,020310103323032210_x4_cropped,bing
466,103330322131010302_x4_cropped,bing
589,103330322130130302_x4_cropped,bing
403,021000331300332102_x4_cropped,bing
259,021000330322200310_x4_cropped,bing
428,110113033312233102_x4_cropped,bing
524,021000322030110202_x4_cropped,bing
210,103330313110210210_x4_cropped,bing
238,110113210320231002_x4_cropped,bing
576,103331120132301002_x4_cropped,bing
37,020310023302012002_x4_cropped,bing
574,103331013033301002_x4_cropped,bing
622,103331013033303202_x4_cropped,bing
579,103330233233122310_x4_cropped,bing
536,103331102123220202_x4_cropped,bing
91,103330322200321202_x4_cropped,bing
314,103331102123022210_x4_cropped,bing
146,021000133311023010_x4_cropped,bing
505,103331102132231210_x4_cropped,bing
351,103330322132101302_x4_cropped,bing
525,021001131122331102_x4_cropped,bing
511,103330331032013202_x4_cropped,bing
529,020310221032232102_x4_cropped,bing
318,103331212323311302_x4_cropped,bing
439,021000330321312102_x4_cropped,bing
370,103330233003101102_x4_cropped,bing
32,021000330322011002_x4_cropped,bing
155,021000330320222010_x4_cropped,bing
287,103331013031303002_x4_cropped,bing
426,103330322121111302_x4_cropped,bing
422,103330322201002002_x4_cropped,bing
185,021000333320210302_x4_cropped,bing
162,103330300200223002_x4_cropped,bing
376,021000323233333202_x4_cropped,bing
561,021000131203023210_x4_cropped,bing
197,021000331233211310_x4_cropped,bing
53,103331011322131110_x4_cropped,bing
390,103332231303222002_x4_cropped,bing
368,020310122312031102_x4_cropped,bing
400,021000322120300310_x4_cropped,bing
600,021000330310303302_x4_cropped,bing
243,021000330312132310_x4_cropped,bing
281,110113101112230202_x4_cropped,bing
455,103330233233200102_x4_cropped,bing
429,103331212323021002_x4_cropped,bing
337,021000330323212202_x4_cropped,bing
68,021000333320300302_x4_cropped,bing
473,103330233121100210_x4_cropped,bing
479,020310031101213302_x4_cropped,bing
75,021000330131330202_x4_cropped,bing
460,103332023122012202_x4_cropped,bing
295,103331121110023210_x4_cropped,bing
543,103330233121320310_x4_cropped,bing
21,103330331031110002_x4_cropped,bing
219,021000322030103002_x4_cropped,bing
304,021000323233113010_x4_cropped,bing
79,021000330322321002_x4_cropped,bing
487,021000322030121302_x4_cropped,bing
412,020310023302013102_x4_cropped,bing
618,103331333031001302_x4_cropped,bing
46,021001000002000102_x4_cropped,bing
170,103330233003132002_x4_cropped,bing
212,021000131201100302_x4_cropped,bing
551,103331111301002002_x4_cropped,bing
276,103330322131333302_x4_cropped,bing
3,103331102201022102_x4_cropped,bing
23,103330322123021302_x4_cropped,bing
350,103331100103031302_x4_cropped,bing
223,103330233120211310_x4_cropped,bing
245,103330322200221202_x4_cropped,bing
286,110113202103212202_x4_cropped,bing
457,110113111220313102_x4_cropped,bing
459,103331120130212102_x4_cropped,bing
82,103330233003112010_x4_cropped,bing
480,020310023300210002_x4_cropped,bing
178,021001132032031002_x4_cropped,bing
24,103332113300222002_x4_cropped,bing
96,103331120132031102_x4_cropped,bing
50,103330322200232202_x4_cropped,bing
515,020310212132201010_x4_cropped,bing
156,103331120121223210_x4_cropped,bing
261,021000330312133310_x4_cropped,bing
537,103331110211013002_x4_cropped,bing
538,103331011322210010_x4_cropped,bing
567,021000322023211202_x4_cropped,bing
52,103331013100213102_x4_cropped,bing
369,021000331310213010_x4_cropped,bing
359,110113110121013210_x4_cropped,bing
217,103330322133032310_x4_cropped,bing
383,103331102201101202_x4_cropped,bing
560,021000133320121302_x4_cropped,bing
605,020310023333001010_x4_cropped,bing
114,021000322030023102_x4_cropped,bing
51,103330322131220102_x4_cropped,bing
231,021000133312332010_x4_cropped,bing
334,021001131123222002_x4_cropped,bing
578,110113101110212102_x4_cropped,bing
626,103331121111130202_x4_cropped,bing
172,023301210213232302_x4_cropped,bing
43,021000330203001302_x4_cropped,bing
279,103331331110130002_x4_cropped,bing
244,021000330321321302_x4_cropped,bing
490,021001132032211110_x4_cropped,bing
161,103330300001011002_x4_cropped,bing
632,020310233211001010_x4_cropped,bing
202,021000322303122102_x4_cropped,bing
132,103331010012232202_x4_cropped,bing
434,103330313111112010_x4_cropped,bing
542,103330233121021002_x4_cropped,bing
646,021001000001333102_x4_cropped,bing
385,103330313111101310_x4_cropped,bing
462,103331212331300102_x4_cropped,bing
584,103330322130221310_x4_cropped,bing
328,021001131123220110_x4_cropped,bing
554,020310220013302002_x4_cropped,bing
169,103330233120220202_x4_cropped,bing
556,021000131203101210_x4_cropped,bing
139,103330331030200202_x4_cropped,bing
425,103330233302010010_x4_cropped,bing
48,103331120131330302_x4_cropped,bing
491,021001000001032002_x4_cropped,bing
250,021000330321120310_x4_cropped,bing
36,021000133321002102_x4_cropped,bing
72,023301210213233202_x4_cropped,bing
637,021000333320300010_x4_cropped,bing
599,021000133312312310_x4_cropped,bing
391,103331102133012110_x4_cropped,bing
4,103330233330322202_x4_cropped,bing
31,021000323300220010_x4_cropped,bing
522,021000330132321002_x4_cropped,bing
624,103331103201021110_x4_cropped,bing
650,020310122322300102_x4_cropped,bing
263,020310220013312102_x4_cropped,bing
55,103331120130133302_x4_cropped,bing
101,110113101110221002_x4_cropped,bing
242,103331121103322102_x4_cropped,bing
40,021000323300211302_x4_cropped,bing
458,103331121101021010_x4_cropped,bing
133,103331120130120102_x4_cropped,bing
113,021000322023202010_x4_cropped,bing
230,103330322133021302_x4_cropped,bing
526,021000333320302310_x4_cropped,bing
358,103331102132331202_x4_cropped,bing
541,110113202102220202_x4_cropped,bing
222,021000322303120002_x4_cropped,bing
167,021000322113302202_x4_cropped,bing
502,103331013033211202_x4_cropped,bing
274,103332231303130010_x4_cropped,bing
557,021000330320111010_x4_cropped,bing
423,103330322200212310_x4_cropped,bing
303,021000330310330002_x4_cropped,bing
88,103332101102112302_x4_cropped,bing
444,021000322120301002_x4_cropped,bing
76,021000322030222010_x4_cropped,bing
134,103331102133132302_x4_cropped,bing
620,103331102132331102_x4_cropped,bing
42,021000331301131102_x4_cropped,bing
563,021000330313230110_x4_cropped,bing
625,103331121111130002_x4_cropped,bing
399,020310023302013010_x4_cropped,bing
293,103331120131013202_x4_cropped,bing
171,023301020320020310_x4_cropped,bing
348,110113132213112202_x4_cropped,bing
235,031332313032121010_x4_cropped,bing
596,021000133311022002_x4_cropped,bing
366,020310212113113310_x4_cropped,bing
129,103331331110121002_x4_cropped,bing
398,021000330132013202_x4_cropped,bing
215,021000322030112102_x4_cropped,bing
216,021000133311003110_x4_cropped,bing
614,103330313111100102_x4_cropped,bing
585,103331013102030002_x4_cropped,bing
549,103331120131133002_x4_cropped,bing
58,103331201023321302_x4_cropped,bing
78,023301103011332002_x4_cropped,bing
534,103331102123110002_x4_cropped,bing
639,021000330321321202_x4_cropped,bing
353,103331120122102102_x4_cropped,bing
437,020310220013302110_x4_cropped,bing
107,021000330313201110_x4_cropped,bing
471,103330322132010002_x4_cropped,bing
452,021000330133201210_x4_cropped,bing
472,103331102133032302_x4_cropped,bing
325,031332313032120310_x4_cropped,bing
122,020310102022232310_x4_cropped,bing
116,021000330132110110_x4_cropped,bing
414,103330233032111102_x4_cropped,bing
137,103330322123313002_x4_cropped,bing
100,103330331032113110_x4_cropped,bing
93,103330313011032002_x4_cropped,bing
527,020310023302012110_x4_cropped,bing
308,021000332102112110_x4_cropped,bing
288,103331212332221210_x4_cropped,bing
17,103331030121011202_x4_cropped,bing
598,021000330312223010_x4_cropped,bing
378,021000330322021102_x4_cropped,bing
98,103331120130303302_x4_cropped,bing
275,103330322123003302_x4_cropped,bing
419,103331331103213210_x4_cropped,bing
159,103331120130230102_x4_cropped,bing
324,021000331233313310_x4_cropped,bing
11,103331100112021102_x4_cropped,bing
192,110113103200122302_x4_cropped,bing
49,103332201101012302_x4_cropped,bing
470,103332113300231110_x4_cropped,bing
533,021000330321232110_x4_cropped,bing
69,021000331303022210_x4_cropped,bing
590,103330233233200302_x4_cropped,bing
421,103330322130211002_x4_cropped,bing
226,103331201023033210_x4_cropped,bing
136,103330322131220202_x4_cropped,bing
449,020300301122122302_x4_cropped,bing
375,021000330310303202_x4_cropped,bing
240,103331102200313102_x4_cropped,bing
615,103330322123201010_x4_cropped,bing
367,020310023333122302_x4_cropped,bing
464,103331121101333010_x4_cropped,bing
446,021001000001030302_x4_cropped,bing
7,103332101110110302_x4_cropped,bing
612,021001000001330302_x4_cropped,bing
572,021000330322023302_x4_cropped,bing
636,021001000001322110_x4_cropped,bing
20,103331121103321110_x4_cropped,bing
332,021001000002312010_x4_cropped,bing
